,1,2,3,4,5,6,7,8,9,10,11,12,13,14,15,16,17,text,label
251,-1,-1,3,-1,-1,-1,-1,-1,-1,-1,-1,-1,-1,-1,-1,-1,-1,Kelsier burned tin.,True
255,-1,-1,3,-1,-1,-1,-1,-1,-1,-1,-1,-1,-1,-1,-1,-1,-1,"The tin flared to life within him, burning his stomach like the sensation of a hot drink swallowed too quickly.",True
271,-1,-1,3,-1,-1,-1,-1,-1,-1,-1,-1,-1,-1,-1,-1,-1,-1,"Burning tin, Kelsier was able to judge the direction accurately.",True
1033,-1,-1,-1,-1,5,-1,-1,-1,-1,-1,-1,-1,-1,-1,-1,-1,-1,Kelsier smiled; then—burning zinc—he reached out and yanked firmly on the Inquisitor’s emotions.,True
1335,-1,2,-1,-1,-1,-1,-1,-1,-1,-1,-1,-1,-1,-1,-1,-1,-1,"“This crew already has the eye of the Steel Ministry—do not make an enemy of me as well.”
Milev nodded sharply, then disappeared into the stairwell, pulling the door closed behind him.",True
1796,-1,-1,-1,4,-1,-1,-1,-1,-1,-1,-1,-1,-1,-1,-1,-1,-1,"“I burn pewter,” Ham said.",True
2187,-1,2,-1,-1,-1,-1,-1,-1,-1,-1,-1,-1,-1,-1,-1,-1,-1,"The Steel Ministry wants you to believe that he’s immortal, but even he can be killed—by an Allomancer burning this.”
Ham reached out, picking up the thin bar of metal.",True
2375,-1,-1,-1,-1,-1,-1,-1,-1,-1,-1,-1,-1,-1,-1,-1,-1,17,"They’re certain to have some atium.” He pulled open the pack, then whipped out a dark gray cloak.",True
2408,-1,2,-1,-1,-1,-1,-1,-1,-1,-1,-1,-1,-1,-1,-1,-1,-1,"He burned steel, second of the basic Allomantic metals.",True
2413,1,2,-1,-1,-1,-1,-1,-1,-1,-1,-1,-1,-1,-1,-1,-1,-1,"Burning iron or steel would point blue lines at all kinds of metal, assuming they were close enough and large enough to be noticeable.",True
2415,-1,2,-1,-1,-1,-1,-1,-1,-1,-1,-1,-1,-1,-1,-1,-1,-1,"Burning steel, he Pushed against the coin.",True
2421,-1,-1,3,-1,-1,-1,-1,-1,-1,-1,-1,-1,-1,-1,-1,-1,-1,"He burned tin, and felt it flare to life in his chest, enhancing his senses.",True
2426,-1,-1,3,-1,-1,-1,-1,-1,-1,-1,-1,-1,-1,-1,-1,-1,-1,"Kelsier left his tin on—it burned slowly, and he probably didn’t need to worry about running out.",True
2436,1,2,-1,-1,-1,-1,-1,-1,-1,-1,-1,-1,-1,-1,-1,-1,-1,Steelpushing and Ironpulling were the first things that Gemmel had taught him.,True
2441,-1,-1,3,-1,-1,-1,-1,-1,-1,-1,-1,-1,-1,-1,-1,-1,-1,"He often wished that burning tin didn’t enhance all of the senses—or, at least, not all of them at once.",True
2443,-1,-1,3,-1,-1,-1,-1,-1,-1,-1,-1,-1,-1,-1,-1,-1,-1,"However, burning tin made the night seem even more chilly to his overly sensitive skin, and his feet registered every pebble and wooden ripple they touched.",True
2451,1,-1,-1,-1,-1,-1,-1,-1,-1,-1,-1,-1,-1,-1,-1,-1,-1,"Kelsier burned iron, flaring it strong and searching the night for large sources of metal.",True
2465,1,-1,-1,-1,-1,-1,-1,-1,-1,-1,-1,-1,-1,-1,-1,-1,-1,"Kelsier flared his iron, took a deep breath, and Pulled on the line.",True
2467,1,-1,-1,-1,-1,-1,-1,-1,-1,-1,-1,-1,-1,-1,-1,-1,-1,"Kelsier continued to burn iron, pulling himself toward the keep at a tremendous speed.",True
2477,-1,-1,3,4,-1,-1,-1,-1,-1,-1,-1,-1,-1,-1,-1,-1,-1,"Taking a deep breath, Kelsier burned pewter, using it to enhance his physical strength much in the same way that tin enhanced his senses.",True
2487,-1,2,-1,-1,-1,-1,-1,-1,-1,-1,-1,-1,-1,-1,-1,-1,-1,"Kelsier was upon the man in a second, jumping into the air, Pulling slightly on the guard’s steel breastplate and throwing the man off balance.",True
2488,1,-1,-1,-1,-1,-1,-1,-1,-1,-1,-1,-1,-1,-1,-1,-1,-1,"Kelsier whipped out one of his glass daggers, allowing the strength of his Ironpull to bring him toward the guard.",True
2509,-1,2,-1,4,-1,-1,-1,-1,-1,-1,-1,-1,-1,-1,-1,-1,-1,"Burning pewter to strengthen his body, he reached out and fiercely Steelpushed against both men at the same time.",True
2525,-1,2,-1,-1,-1,-1,-1,-1,-1,-1,-1,-1,-1,-1,-1,-1,-1,"Kelsier replaced his knives, burning steel and searching for sources of metal.",True
2534,-1,2,-1,-1,-1,-1,-1,-1,-1,-1,-1,-1,-1,-1,-1,-1,-1,"He simply burned steel, reaching in and tugging against the weak source of metal that he assumed was the trapdoor’s locking mechanism.",True
2535,-1,-1,-1,4,-1,-1,-1,-1,-1,-1,-1,-1,-1,-1,-1,-1,-1,"It resisted at first, pulling him against the wall, but he burned pewter and yanked harder.",True
2539,1,-1,-1,-1,-1,-1,-1,-1,-1,-1,-1,-1,-1,-1,-1,-1,-1,"He jumped up, Ironpulling against the safe, and landed with his feet against the wall, one foot on either side of the open panel.",True
2540,-1,-1,-1,4,-1,-1,-1,-1,-1,-1,-1,-1,-1,-1,-1,-1,-1,"He continued to Pull, holding himself in place, and flared his pewter.",True
2541,-1,2,-1,-1,-1,-1,-1,-1,-1,-1,-1,-1,-1,-1,-1,-1,-1,"Strength flooded his legs, and he flared his steel as well, Pulling against the safe.",True
2548,-1,2,-1,-1,-1,-1,-1,-1,-1,-1,-1,-1,-1,-1,-1,-1,-1,"Kelsier fell backward, burning steel and Pushing against the safe to get out of the way.",True
2568,-1,-1,-1,4,-1,-1,-1,-1,-1,-1,-1,-1,-1,-1,-1,-1,-1,"He flared his pewter, strengthening his body, then squatted down and lifted the safe.",True
2585,-1,-1,-1,4,-1,-1,-1,-1,-1,-1,-1,-1,-1,-1,-1,-1,-1,"Kelsier flared his pewter, letting strengthened legs carry him back in a powerful jump.",True
2598,-1,-1,-1,4,-1,-1,-1,-1,-1,-1,-1,-1,-1,-1,-1,-1,-1,"Gritting his teeth, Kelsier flared his pewter again; it was running low, he noticed.",True
2599,-1,-1,-1,4,-1,-1,-1,-1,-1,-1,-1,-1,-1,-1,-1,-1,-1,Pewter was the fastest-burning of the basic eight metals.,True
2612,-1,2,-1,-1,-1,-1,-1,-1,-1,-1,-1,-1,-1,-1,-1,-1,-1,"The hazekiller cried out, the force of the intense Steelpush throwing him backward.",True
2613,-1,2,-1,-1,-1,-1,-1,-1,-1,-1,-1,-1,-1,-1,-1,-1,-1,"Kelsier flared his steel, Pushing so hard that he tossed himself backward as well—away from the pair of men who tried to attack him.",True
2628,-1,-1,3,4,-1,-1,-1,-1,-1,-1,-1,-1,-1,-1,-1,-1,-1,"He downed its contents in a single gulp, replenishing his pewter, then burned tin.",True
2631,1,-1,-1,-1,-1,-1,-1,-1,-1,-1,-1,-1,-1,-1,-1,-1,-1,"Kelsier whipped his hand to the side, burning iron and searching for metal.",True
2635,-1,2,-1,-1,-1,-1,-1,-1,-1,-1,-1,-1,-1,-1,-1,-1,-1,Kelsier burned steel with a flash of strength.,True
2640,1,-1,-1,-1,-1,-1,-1,-1,-1,-1,-1,-1,-1,-1,-1,-1,-1,"He burned iron, Pulling the ingot back toward him.",True
2645,-1,-1,-1,4,-1,-1,-1,-1,-1,-1,-1,-1,-1,-1,-1,-1,-1,"Kelsier heard the ingot hit the ground behind him, and he reached up—burning pewter—and caught the hazekiller’s cane mid-swing.",True
2650,-1,-1,-1,4,-1,-1,-1,-1,-1,-1,-1,-1,-1,-1,-1,-1,-1,"Kelsier flared pewter, steadying himself against attacks.",True
2652,-1,-1,3,-1,-1,-1,-1,-1,-1,-1,-1,-1,-1,-1,-1,-1,-1,"He stumbled to his knees as the wood cracked, but flared tin kept him conscious.",True
2657,1,-1,-1,-1,-1,-1,-1,-1,-1,-1,-1,-1,-1,-1,-1,-1,-1,"Instead, he burned iron, wrenching the ingot back toward himself.",True
2660,1,2,-1,-1,-1,-1,-1,-1,-1,-1,-1,-1,-1,-1,-1,-1,-1,"Kelsier spun, burning iron then steel to send the ingot soaring toward the final two men.",True
2662,-1,2,-1,-1,-1,-1,-1,-1,-1,-1,-1,-1,-1,-1,-1,-1,-1,"The men regarded it warily, distracted as Kelsier ran and jumped, Steelpushing himself against the ingot and flipping over the men’s heads.",True
2678,-1,2,-1,-1,-1,-1,-1,-1,-1,-1,-1,-1,-1,-1,-1,-1,-1,"He flared steel, Pushing the coins out of the way.",True
2682,-1,-1,-1,4,-1,-1,-1,-1,-1,-1,-1,-1,-1,-1,-1,-1,-1,"Thugs—Mistings who, like Ham, could burn pewter.",True
2693,1,-1,-1,-1,-1,-1,-1,-1,-1,-1,-1,-1,-1,-1,-1,-1,-1,"He smiled, extinguishing his iron and pushing away from the building with his legs, throwing himself out into the mists like some insane diver.",True
2711,1,-1,-1,-1,-1,-1,-1,-1,-1,-1,-1,-1,-1,-1,-1,-1,-1,"Kelsier walked over, and retrieved his coin pouch with a tug of Ironpulling.",True
2715,-1,-1,-1,4,-1,-1,-1,-1,-1,-1,-1,-1,-1,-1,-1,-1,-1,"He kept his pewter burning—without the strength it lent his body, he’d probably collapse from the pain of his wounds—and dashed off into the night, heading toward Clubs’s shop.",True
3228,-1,-1,-1,4,-1,-1,-1,-1,-1,-1,-1,-1,-1,-1,-1,-1,-1,"The Thug grumbled a bit, pulling out a golden ten-boxing coin and flipping it across the room to the self-satisfied Breeze.",True
3431,1,-1,-1,-1,-1,-1,-1,-1,-1,-1,-1,-1,-1,-1,-1,-1,-1,"He immediately burned iron, and the translucent blue lines shot out from his body, connecting him to nearby sources of metal.",True
3579,-1,-1,-1,4,-1,-1,-1,-1,-1,-1,-1,-1,-1,-1,-1,-1,-1,“Pewter burns relatively quickly.,True
3582,-1,-1,-1,4,-1,-1,-1,-1,-1,-1,-1,-1,-1,-1,-1,-1,-1,"With a push of effort, she was able to stoke the flames within her chest, flaring the pewter.",True
3587,-1,-1,-1,4,-1,-1,-1,-1,-1,-1,-1,-1,-1,-1,-1,-1,-1,"Interesting, she thought, noting how quickly her pewter had burned during that brief moment.",True
3612,-1,-1,-1,-1,5,6,-1,-1,-1,-1,-1,-1,-1,-1,-1,-1,-1,For emotions—the external mental powers—you Pull with zinc and Push with brass.,True
3613,-1,-1,-1,4,-1,-1,-1,-1,-1,-1,-1,-1,-1,-1,-1,-1,-1,You just used pewter to Push your body.,True
3615,-1,-1,-1,4,-1,-1,-1,-1,-1,-1,-1,-1,-1,-1,-1,-1,-1,"“He burns pewter.”
Kelsier nodded.",True
3616,-1,-1,-1,4,-1,-1,-1,-1,-1,-1,-1,-1,-1,-1,-1,-1,-1,“Mistings who can burn pewter are called Thugs.,True
3632,-1,-1,3,-1,-1,-1,-1,-1,-1,-1,-1,-1,-1,-1,-1,-1,-1,“And it’s one of the slowest-burning metals—the tin in that vial is enough to keep you going for hours.,True
3664,-1,-1,3,-1,-1,-1,-1,-1,-1,-1,-1,-1,-1,-1,-1,-1,-1,"“Let’s try another metal.”
Vin nodded, leaving her tin on but picking another metal to burn as well.",True
3691,-1,-1,-1,-1,-1,-1,7,8,-1,-1,-1,-1,-1,-1,-1,-1,-1,"“I started burning copper,” Kelsier said, “the companion to bronze.",True
3692,-1,-1,-1,-1,-1,-1,7,-1,-1,-1,-1,-1,-1,-1,-1,-1,-1,"When you burn copper, it hides your use of powers from other Allomancers.",True
3698,-1,-1,-1,-1,-1,-1,7,-1,-1,-1,-1,-1,-1,-1,-1,-1,-1,"However, if you’re ever in a skaa guise and need to burn metals, make sure you turn on your copper first.”
Vin nodded appreciatively.",True
3703,-1,-1,-1,-1,-1,-1,7,-1,-1,-1,-1,-1,-1,-1,-1,-1,-1,“Anyone burning copper is immune to emotional Allomancy.,True
3709,-1,-1,-1,-1,-1,-1,7,-1,-1,-1,-1,-1,-1,-1,-1,-1,-1,"Allomantic pulses coming from a shop in a skaa sector of town would be a quick giveaway to a passing Inquisitor.”
“But, you can burn copper,” Vin said.",True
3710,-1,-1,-1,-1,-1,-1,7,-1,-1,-1,-1,-1,-1,-1,-1,-1,-1,"“Why were you so worried about finding a Smoker for the crew?”
“I can burn copper, true,” Kelsier said.",True
3719,-1,-1,3,-1,-1,-1,-1,-1,-1,-1,-1,-1,-1,-1,-1,-1,-1,"They started walking again, and Kelsier gave her more time to get used to burning tin.",True
3758,-1,-1,-1,4,-1,-1,-1,-1,-1,-1,-1,-1,-1,-1,-1,-1,-1,"Take burning pewter, for instance.",True
3766,-1,-1,3,-1,-1,-1,-1,-1,-1,-1,-1,-1,-1,-1,-1,-1,-1,“Burning tin has consequences too.,True
3768,1,-1,-1,-1,-1,-1,-1,-1,-1,-1,-1,-1,-1,-1,-1,-1,-1,"“With iron, you can Pull a metal source toward yourself.",True
3769,-1,2,-1,-1,-1,-1,-1,-1,-1,-1,-1,-1,-1,-1,-1,-1,-1,"With steel, you can Push one away.",True
3772,1,2,-1,-1,-1,-1,-1,-1,-1,-1,-1,-1,-1,-1,-1,-1,-1,"“What are we doing here?”
“We’re going to practice Ironpulling and Steelpushing,” Kelsier said.",True
3775,-1,2,-1,-1,-1,-1,-1,-1,-1,-1,-1,-1,-1,-1,-1,-1,-1,"“Burn steel, the opposite of the metal you burned a few moments ago.”
Vin nodded.",True
3793,-1,2,-1,-1,-1,-1,-1,-1,-1,-1,-1,-1,-1,-1,-1,-1,-1,You use your own weight when you Steelpush.,True
3796,1,-1,-1,-1,-1,-1,-1,-1,-1,-1,-1,-1,-1,-1,-1,-1,-1,Ironpulling is similar—either you’ll be Pulled toward the object or it will be Pulled toward you.,True
3799,1,2,-1,-1,-1,-1,-1,-1,-1,-1,-1,-1,-1,-1,-1,-1,-1,"Knowing how much, or how little, you will move when you burn steel or iron will give you a major advantage over your opponents.",True
3822,1,2,-1,-1,-1,-1,-1,-1,-1,-1,-1,-1,-1,-1,-1,-1,-1,"“Put the ingot directly below you, and remember to Steelpush, not Ironpull.",True
3830,-1,2,-1,-1,-1,-1,-1,-1,-1,-1,-1,-1,-1,-1,-1,-1,-1,"She glanced down at the ingot, burning steel.",True
3886,-1,2,-1,-1,-1,-1,-1,-1,-1,-1,-1,-1,-1,-1,-1,-1,-1,"She Pushed reflexively with her steel, but her trajectory was off; she had fallen to the side of the ingot, not directly toward it.",True
3888,-1,2,-1,-1,-1,-1,-1,-1,-1,-1,-1,-1,-1,-1,-1,-1,-1,"Alarmed, she Pushed again—harder this time, flaring her steel.",True
3903,-1,-1,-1,4,-1,-1,-1,-1,-1,-1,-1,-1,-1,-1,-1,-1,-1,"Eventually, she burned pewter, using the sensation of solidness it provided to steady her nerves.",True
3906,1,2,-1,-1,-1,-1,-1,-1,-1,-1,-1,-1,-1,-1,-1,-1,-1,“Ironpulling and Steelpushing are dangerous skills.,True
3977,-1,-1,3,-1,-1,-1,-1,-1,-1,-1,-1,-1,-1,-1,-1,-1,-1,"“Flare your tin,” Kelsier suggested.",True
4157,-1,-1,3,-1,-1,-1,-1,-1,-1,-1,-1,-1,-1,-1,-1,-1,-1,"Burning tin, she was able to study the neatly organized and well-groomed streets.",True
4403,-1,-1,-1,4,-1,-1,-1,-1,-1,-1,-1,-1,-1,-1,-1,-1,-1,"She burned pewter with a flash and hit the ground running, dashing along Fellise’s quiet streets.",True
4408,-1,-1,-1,4,-1,-1,-1,-1,-1,-1,-1,-1,-1,-1,-1,-1,-1,Burning pewter enhanced more than muscles—it increased all the body’s physical abilities.,True
4409,-1,-1,-1,4,-1,-1,-1,-1,-1,-1,-1,-1,-1,-1,-1,-1,-1,Keeping pewter at a low burn gave her a sense of balance that any night burglar would have envied.,True
4412,-1,-1,3,-1,-1,-1,7,-1,-1,-1,-1,-1,-1,-1,-1,-1,-1,"Her copper on to hide her Allomancy, she flared tin to strain her senses.",True
4420,-1,-1,-1,4,-1,-1,-1,-1,-1,-1,-1,-1,-1,-1,-1,-1,-1,"She flared pewter, landing on the cobbled street beside the wall.",True
4425,1,-1,-1,-1,-1,-1,-1,-1,-1,-1,-1,-1,-1,-1,-1,-1,-1,"Vin followed, letting go of the coin below her, instead burning iron and Pulling on one of the mansion’s window latches.",True
4459,-1,2,-1,-1,-1,-1,-1,-1,-1,-1,-1,-1,-1,-1,-1,-1,-1,"Vin flared her steel as she flew, and heard her opponent grunt as he was Pushed backward as well.",True
4461,-1,-1,-1,4,-1,-1,-1,-1,-1,-1,-1,-1,-1,-1,-1,-1,-1,"Vin slammed into a tree, but she flared pewter and ignored the pain.",True
4524,-1,2,-1,-1,-1,-1,-1,-1,-1,-1,-1,-1,-1,-1,-1,-1,-1,"You’re a talented Allomancer, but you’ll need more than Steelpushes to succeed against the nobility.",True
4703,-1,2,-1,-1,-1,-1,-1,-1,-1,-1,-1,-1,-1,-1,-1,-1,-1,"Today, when we were training, we got into a Steelpush shoving match.",True
4843,-1,-1,-1,-1,-1,-1,7,-1,-1,-1,-1,-1,-1,-1,-1,-1,-1,She started burning copper—as Kelsier had taught her—to shield herself from further manipulations on Breeze’s part.,True
4966,-1,-1,-1,-1,-1,-1,7,8,-1,-1,-1,-1,-1,-1,-1,-1,-1,"Just a nudge—a reminder.”
Curious, Vin extinguished her copper for a moment, burning bronze instead, trying to sense Breeze’s use of Allomancy.",True
5079,-1,-1,-1,-1,-1,-1,-1,-1,-1,-1,-1,-1,-1,-1,-1,-1,17,"While burning atium, a Mistborn was virtually unstoppable, which was part of why it was so valuable.",True
5366,-1,-1,3,-1,-1,-1,-1,-1,-1,-1,-1,-1,-1,-1,-1,-1,-1,Then she reached inside and burned tin.,True
5384,-1,2,-1,-1,-1,-1,-1,-1,-1,-1,-1,-1,-1,-1,-1,-1,-1,He itched to burn steel and begin jumping toward his destination.,True
5419,-1,-1,3,-1,-1,-1,-1,-1,-1,-1,-1,-1,-1,-1,-1,-1,-1,"Kelsier burned tin, and smelled blood on the air.",True
5426,-1,-1,-1,4,-1,-1,-1,-1,-1,-1,-1,-1,-1,-1,-1,-1,-1,"Taking a breath, he flared pewter and ducked inside.",True
5436,-1,2,-1,-1,-1,-1,-1,-1,-1,-1,-1,-1,-1,-1,-1,-1,-1,"With a girlish yelp, a small figure ducked to the ground, coins deflected as she burned steel.",True
5791,-1,-1,3,-1,-1,-1,-1,-1,-1,-1,-1,-1,-1,-1,-1,-1,-1,"The table was too far away to hear unaided, but with tin…
She reached inside to burn the metal, but then paused.",True
5794,-1,-1,3,-1,-1,-1,-1,-1,-1,-1,-1,-1,-1,-1,-1,-1,-1,"Her Allomancy hidden, she burned tin.",True
5842,-1,-1,-1,4,-1,-1,-1,-1,-1,-1,-1,-1,-1,-1,-1,-1,-1,"A spark of burned pewter, however, made the climb effortless enough that she didn’t sweat and ruin her makeup.",True
5962,-1,-1,3,-1,-1,-1,-1,-1,-1,-1,-1,-1,-1,-1,-1,-1,-1,"She got one more glimpse into the main chamber as she retrieved her shawl, and she burned tin, squinting against the light and seeking the balcony above.",True
6001,-1,-1,3,-1,-1,-1,-1,-1,-1,-1,-1,-1,-1,-1,-1,-1,-1,A quick burn of tin let Vin hear the conversation—Kelsier had finally returned.,True
6068,1,-1,-1,-1,-1,-1,-1,-1,-1,-1,-1,-1,-1,-1,-1,-1,-1,"She flared iron, and was rewarded with the sight of a fading blue metal line, pointing into the distance.",True
6070,-1,2,-1,-1,-1,-1,-1,-1,-1,-1,-1,-1,-1,-1,-1,-1,-1,"Vin burned steel, Pushing herself into the cold, humid autumn night.",True
6073,-1,2,-1,-1,-1,-1,-1,-1,-1,-1,-1,-1,-1,-1,-1,-1,-1,"The maneuver swung her in a soaring arc over the steel gates, which she then Pushed against to throw herself farther into the air.",True
6075,-1,-1,-1,-1,-1,-1,7,-1,-1,-1,-1,-1,-1,-1,-1,-1,-1,She wasn’t carrying any metal—not even coins—and she kept her copper burning to hide her use of Allomancy.,True
6090,1,-1,-1,-1,-1,-1,-1,-1,-1,-1,-1,-1,-1,-1,-1,-1,-1,"She flared her iron, but it was barely enough to catch a glimpse of him disappearing again in the distance.",True
6092,1,-1,-1,-1,-1,-1,-1,-1,-1,-1,-1,-1,-1,-1,-1,-1,-1,"Her flared iron, however, showed her something else.",True
6106,-1,2,-1,-1,-1,-1,-1,-1,-1,-1,-1,-1,-1,-1,-1,-1,-1,"She Pushed hard, flaring her steel, throwing herself as far up into the sky as she could.",True
6107,1,-1,-1,-1,-1,-1,-1,-1,-1,-1,-1,-1,-1,-1,-1,-1,-1,"As she flew, she flared her iron, searching for other sources of metal.",True
6124,-1,-1,3,-1,-1,-1,-1,-1,-1,-1,-1,-1,-1,-1,-1,-1,-1,"She flared tin, and a massive shadow appeared in the night before her, its top sparkling with balls of light.",True
6137,-1,-1,-1,-1,-1,-1,-1,8,-1,-1,-1,-1,-1,-1,-1,-1,-1,"She wandered randomly, pushing off of window clasps and bits of metal, using the bronze bar—then pulling it back into her hand—when long jumps were necessary.",True
6157,1,-1,-1,-1,-1,-1,-1,-1,-1,-1,-1,-1,-1,-1,-1,-1,-1,"Her iron showed blue lines moving in the distance, and she hurriedly jumped out over the street and Pushed herself off a sewer grate below, determined not to lose him again.",True
6239,-1,-1,-1,-1,-1,-1,-1,-1,-1,-1,-1,-1,-1,-1,-1,-1,17,"As he began to walk forward, she drew upon her new well of strength and burned atium.",True
6253,-1,-1,-1,-1,-1,-1,-1,-1,-1,-1,-1,-1,-1,-1,-1,-1,17,"“While you’re burning atium,” he said, “nothing can surprise you.",True
6260,-1,-1,-1,-1,-1,-1,-1,-1,-1,-1,-1,-1,-1,-1,-1,-1,17,"“I just burned atium too,” Kelsier said.",True
6264,-1,-1,-1,-1,-1,-1,-1,-1,-1,-1,-1,-1,-1,-1,-1,-1,17,"“The only way to defeat someone who is burning atium is to burn it yourself—that way, neither of you has an advantage.”
The images vanished.",True
6293,-1,2,-1,-1,-1,-1,-1,-1,-1,-1,-1,-1,-1,-1,-1,-1,-1,"“I burned up most of my steel getting here.”
Kelsier handed her another vial.",True
6349,-1,-1,-1,-1,-1,-1,7,-1,-1,-1,-1,-1,-1,-1,-1,-1,-1,"Turn on your copper; that will make you immune.”
Vin nodded, burning copper.",True
6356,-1,-1,-1,4,-1,-1,-1,-1,-1,-1,-1,-1,-1,-1,-1,-1,-1,"She burned pewter as she fell, and hit the ground with Allomantically strengthened legs.",True
6359,-1,-1,3,-1,-1,-1,7,-1,-1,-1,-1,-1,-1,-1,-1,-1,-1,"She ran in the wet, misty night, burning tin and copper—one to let her see, the other to let her hide.",True
6387,-1,2,-1,-1,-1,-1,-1,-1,-1,-1,-1,-1,-1,-1,-1,-1,-1,She burned steel and threw out a handful of coins.,True
6389,1,-1,-1,-1,-1,-1,-1,-1,-1,-1,-1,-1,-1,-1,-1,-1,-1,"She burned iron, Pulling the coins back to her hand.",True
6400,-1,-1,3,-1,-1,-1,-1,-1,-1,-1,-1,-1,-1,-1,-1,-1,-1,"Vin burned tin, her eyes adapting to light from the corridor outside.",True
6413,-1,-1,-1,-1,-1,-1,7,-1,-1,-1,-1,-1,-1,-1,-1,-1,-1,"Something seemed to Push her emotions, making her more depressed despite her copper.",True
6431,-1,-1,-1,4,-1,-1,-1,-1,-1,-1,-1,-1,-1,-1,-1,-1,-1,"She flared pewter, willing her legs to move faster.",True
6484,1,-1,-1,-1,-1,-1,-1,-1,-1,-1,-1,-1,-1,-1,-1,-1,-1,"She clutched Kelsier’s coin pouch and burned iron, frantically seeking an anchor down the corridor.",True
6494,-1,-1,3,4,-1,-1,-1,-1,-1,-1,-1,-1,-1,-1,-1,-1,-1,"Vin flared tin and pewter, clearing her mind and pushing away the pain.",True
6513,1,-1,-1,-1,-1,-1,-1,-1,-1,-1,-1,-1,-1,-1,-1,-1,-1,"However, the force of his Ironpulls was far more powerful than Kelsier’s had ever been.",True
6530,-1,-1,-1,-1,-1,-1,-1,-1,-1,-1,-1,-1,-1,-1,-1,-1,17,"She pulled out Kelsier’s vial and downed the atium, then burned it.",True
6566,-1,-1,-1,4,-1,-1,-1,-1,-1,-1,-1,-1,-1,-1,-1,-1,-1,Flare pewter!,True
6579,-1,-1,-1,4,-1,-1,-1,-1,-1,-1,-1,-1,-1,-1,-1,-1,-1,"She kept her pewter flared, amazed at how well her body still worked, and stumbled out into the rain, reflexively clutching the leather book to her chest.",True
6599,-1,-1,3,-1,-1,-1,-1,-1,-1,-1,-1,-1,-1,-1,-1,-1,-1,"She strained in the night, burning tin, the rainfall becoming a thunder in her ears.",True
6603,-1,-1,-1,-1,-1,-1,7,-1,-1,-1,-1,-1,-1,-1,-1,-1,-1,"She made sure her copper was still burning, Pulled lightly against the spire to hold herself in place, and ripped off a piece of her shirt to bandage the wound.",True
6661,-1,-1,-1,4,-1,-1,-1,-1,-1,-1,-1,-1,-1,-1,-1,-1,-1,"He still burned pewter, the metal helping him resist his several wounds.",True
6665,-1,-1,-1,4,-1,-1,-1,-1,-1,-1,-1,-1,-1,-1,-1,-1,-1,Kelsier flared the pewter.,True
6946,-1,-1,-1,4,-1,-1,-1,-1,-1,-1,-1,-1,-1,-1,-1,-1,-1,Vin was thankful for the pewter burning lightly in her stomach to give strength to her still weak legs.,True
7699,-1,-1,-1,4,-1,-1,7,-1,-1,-1,-1,-1,-1,-1,-1,-1,-1,"She quietly turned on her copper, then burned pewter, strengthening her body and washing away a bit of her fatigue.",True
7703,-1,-1,-1,4,-1,-1,-1,-1,-1,-1,-1,-1,-1,-1,-1,-1,-1,"With pewter burning, her reactions were too fast, her body too strong.",True
7930,-1,-1,3,-1,-1,-1,7,-1,-1,-1,-1,-1,-1,-1,-1,-1,-1,"She reached to burn copper and tin, but waited—the disturbance was getting closer.",True
7933,-1,-1,3,-1,-1,-1,-1,-1,-1,-1,-1,-1,-1,-1,-1,-1,-1,Vin burned tin to hear what was said.,True
7982,-1,-1,-1,-1,-1,-1,-1,8,-1,-1,-1,-1,-1,-1,-1,-1,-1,"Each metal, when burned, gave off a distinct signal, recognizable to one who was well practiced with bronze.",True
7983,-1,-1,3,-1,-1,-1,-1,-1,-1,-1,-1,-1,-1,-1,-1,-1,-1,"The man in the distance burned tin, as did the four others Kelsier had sensed hiding around Keep Tekiel.",True
7996,-1,-1,-1,-1,-1,-1,-1,8,-1,-1,-1,-1,-1,-1,-1,-1,-1,"He paused near the garden well, and—burning bronze to make certain no Allomancers were near—reached into a stand of bushes to retrieve a large sack.",True
7997,-1,-1,-1,4,-1,-1,-1,-1,-1,-1,-1,-1,-1,-1,-1,-1,-1,It was heavy enough that he had to burn pewter to pull it free and throw it over his shoulder.,True
8492,-1,-1,3,-1,-1,-1,-1,-1,-1,-1,-1,-1,-1,-1,-1,-1,-1,Vin inched closer—keeping to the side of the boxes—and burned tin.,True
8578,-1,-1,-1,-1,-1,-1,7,-1,-1,-1,-1,-1,-1,-1,-1,-1,-1,"I can teach you how to use it properly—if you practice what I show you, then you will have an advantage that many Mistborn dismiss.”
“But, don’t other Mistborn know to burn copper?” Vin asked.",True
8586,-1,-1,-1,-1,-1,-1,7,8,-1,-1,-1,-1,-1,-1,-1,-1,-1,"“There are great advantages to burning bronze, rather than just running around with your copper on.",True
8588,-1,-1,-1,-1,-1,-1,7,-1,-1,-1,-1,-1,-1,-1,-1,-1,-1,"Copper makes you immune to having your emotions Pushed or Pulled.”
“But that’s a good thing.”
Marsh cocked his head slightly.",True
8600,-1,-1,-1,-1,-1,-1,-1,8,-1,-1,-1,-1,-1,-1,-1,-1,-1,"Now burn bronze.”
Vin did so.",True
8625,1,-1,-1,-1,-1,-1,-1,-1,-1,-1,-1,-1,-1,-1,-1,-1,-1,"“He is burning iron, as I asked him to so that you could practice.",True
8626,-1,-1,-1,-1,-1,-1,-1,8,-1,-1,-1,-1,-1,-1,-1,-1,-1,"I—of course—am burning bronze.”
“Do they all do that?” Vin asked.",True
8630,-1,-1,3,4,-1,-1,-1,-1,-1,-1,-1,-1,-1,-1,-1,-1,-1,"It isn’t intuitive, for instance, that tin Pulls while pewter Pushes.",True
8648,-1,-1,-1,4,-1,-1,-1,-1,-1,-1,-1,-1,-1,-1,-1,-1,-1,"A long pulse that beats against you and has a quick pattern will be pewter—the internal Pushing physical metal.”
“Why the names?” Vin asked.",True
8651,1,2,-1,-1,-1,-1,-1,-1,-1,-1,-1,-1,-1,-1,-1,-1,-1,"With iron, you Pull on something outside of yourself, with steel you Push on something outside of yourself.",True
8652,-1,-1,3,4,-1,-1,7,8,-1,-1,-1,-1,-1,-1,-1,-1,-1,"With tin you Pull on something inside of yourself, with pewter you Push on something inside of yourself.”
“But, bronze and copper,” Vin said.",True
8662,-1,-1,-1,-1,-1,-1,7,-1,-1,-1,-1,-1,-1,-1,-1,-1,-1,She lightly began burning copper to mask her Allomancy.,True
8664,-1,-1,-1,-1,5,6,-1,-1,-1,-1,-1,-1,-1,-1,-1,-1,-1,"I should be invisible to his senses, she thought, carefully burning both zinc and brass.",True
8704,-1,-1,3,4,-1,-1,-1,-1,-1,-1,-1,-1,-1,-1,-1,-1,-1,"You were burning pewter and tin that day—just a tiny bit, barely noticeable.",True
8848,-1,2,-1,-1,-1,-1,-1,-1,-1,-1,-1,-1,-1,-1,-1,-1,-1,He burned steel and Pushed himself into the air.,True
8852,-1,-1,-1,4,-1,-1,-1,-1,-1,-1,-1,-1,-1,-1,-1,-1,-1,"Kelsier burned pewter, strengthening his body as he thumped to the deck of the narrowboat leading the caravan.",True
8872,-1,-1,3,-1,-1,-1,-1,-1,-1,-1,-1,-1,-1,-1,-1,-1,-1,"Kelsier burned tin, wincing slightly at the suddenly blinding sunlight.",True
9140,-1,2,-1,4,-1,-1,-1,-1,-1,-1,-1,-1,-1,-1,-1,-1,-1,"Ordinary skaa, even city skaa, didn’t know of things like Steelpushing or Pewter-burning.",True
9187,-1,-1,-1,-1,5,-1,-1,-1,-1,-1,-1,-1,-1,-1,-1,-1,-1,"He burned zinc, then looked toward Bilg.",True
9188,-1,-1,-1,-1,5,-1,-1,-1,-1,-1,-1,-1,-1,-1,-1,-1,-1,"While zinc wouldn’t let him read the man’s emotions, it was possible—when burning the metal—to isolate just a single individual for Soothing or Rioting, much as one was able to isolate a single bit of metal from hundreds to Pull on.",True
9269,1,2,-1,-1,-1,-1,-1,-1,-1,-1,-1,-1,-1,-1,-1,-1,-1,"Taking a deep breath, Kelsier burned steel and iron.",True
9275,1,-1,-1,-1,-1,-1,-1,-1,-1,-1,-1,-1,-1,-1,-1,-1,-1,Kelsier flared iron—stabilizing himself by Pulling against a lantern bracket behind—then grabbed the iron studs on Demoux’s vest.,True
9294,1,2,-1,-1,-1,-1,-1,-1,-1,-1,-1,-1,-1,-1,-1,-1,-1,"Kelsier grabbed Demoux’s weapon in mid-arc and Pulled against it forcefully, ripping the steel forward with a mighty flare of iron.",True
9300,1,-1,-1,-1,-1,-1,-1,-1,-1,-1,-1,-1,-1,-1,-1,-1,-1,"Kelsier burned iron, reaching out to grab the weapon and Pull it down, to force the killing blow, but Demoux resisted.",True
9397,-1,-1,3,-1,-1,-1,-1,-1,-1,-1,-1,-1,-1,-1,-1,-1,-1,"It was distant, but Vin had grown into the habit of burning a little bit of tin at all times.",True
9409,-1,-1,-1,4,-1,-1,-1,-1,-1,-1,-1,-1,-1,-1,-1,-1,-1,"Vin flared pewter in response, but the item was simply a pink-and-white handkerchief.",True
10092,-1,2,-1,-1,-1,-1,-1,-1,-1,-1,-1,-1,-1,-1,-1,-1,-1,"Vin flared steel, Pushing herself up a bit higher, then flung another coin into the mists behind her.",True
10314,-1,-1,-1,4,-1,-1,-1,-1,-1,-1,-1,-1,-1,-1,-1,-1,-1,"Ham could probably show me a few things.”
“You already know how to burn pewter,” Kelsier said.",True
10474,-1,-1,-1,4,-1,-1,-1,-1,-1,-1,-1,-1,-1,-1,-1,-1,-1,"“All right, you wanted some tips on burning pewter?”
Vin nodded eagerly.",True
10476,-1,-1,-1,-1,-1,-1,-1,8,-1,-1,-1,-1,-1,-1,-1,-1,-1,“You can watch me fight—burn bronze to see when I’m using Allomancy.,True
10478,-1,-1,-1,4,-1,-1,-1,-1,-1,-1,-1,-1,-1,-1,-1,-1,-1,"I’ve noticed that young Allomancers tend to always flare their pewter, thinking that the stronger they are, the better.",True
10489,-1,-1,-1,4,-1,-1,-1,-1,-1,-1,-1,-1,-1,-1,-1,-1,-1,"“Anyway, what I’m trying to explain is that it’s usually best to vary your pewter burning.",True
10582,-1,-1,-1,4,-1,-1,-1,-1,-1,-1,-1,-1,-1,-1,-1,-1,-1,"He pulled his trunk out from beneath the table, then opened it and poured Vin a small pouch of pewter beads.",True
10602,-1,-1,-1,4,-1,-1,-1,-1,-1,-1,-1,-1,-1,-1,-1,-1,-1,"“Burn your pewter, Vin.",True
10703,-1,-1,-1,4,-1,-1,-1,-1,-1,-1,-1,-1,-1,-1,-1,-1,-1,Flared pewter was everything.,True
10753,-1,-1,-1,4,-1,-1,-1,-1,-1,-1,-1,-1,-1,-1,-1,-1,-1,You’ll recover—you’ll even get better at pushing yourself like this—but right now you just have to keep burning the pewter and stay awake.,True
10805,-1,-1,3,-1,-1,-1,-1,-1,-1,-1,-1,-1,-1,-1,-1,-1,-1,"He had to flare tin to see anything in the deep darkness, lit only by a bit of reflected sunlight from far above.",True
11138,-1,-1,3,-1,-1,-1,-1,-1,-1,-1,-1,-1,-1,-1,-1,-1,-1,"Vin squinted, burning tin, and recognized a moderately familiar face.",True
11158,-1,-1,-1,-1,-1,-1,7,-1,-1,-1,-1,-1,-1,-1,-1,-1,-1,She immediately burned copper.,True
11190,-1,-1,-1,-1,5,-1,-1,-1,-1,-1,-1,-1,-1,-1,-1,-1,-1,"Then she burned zinc and reached out to help Kelsier, Rioting the emotions of those around her.",True
11197,-1,-1,-1,-1,-1,-1,7,-1,-1,-1,-1,-1,-1,-1,-1,-1,-1,"“Uncle, you really the burn, right?”
“Yes, my copper is on,” Clubs said testily.",True
11199,-1,-1,3,-1,-1,-1,-1,-1,-1,-1,-1,-1,-1,-1,-1,-1,-1,"We’re far enough away from the Lord Ruler that it wouldn’t matter anyway—that plaza is enormous.”
Spook nodded, then obviously began burning tin.",True
11284,-1,-1,-1,-1,5,-1,-1,-1,-1,-1,-1,-1,-1,-1,-1,-1,-1,"Resisting the Lord Ruler’s Pushing on their emotions didn’t seem like half as much a struggle for Kelsier anymore, though Vin had let her zinc lapse.",True
11473,-1,-1,-1,-1,-1,-1,7,-1,-1,-1,-1,-1,-1,-1,-1,-1,-1,"Today, when he was in the square, I could feel his touch on my emotions even when I was burning copper.”
“That’s not possible, Vin,” Kelsier said with a shake of his head.",True
11510,1,2,-1,-1,-1,-1,-1,-1,-1,-1,-1,-1,-1,-1,-1,-1,-1,"“Feruchemy doesn’t have any external powers—it can’t Push and Pull emotions, nor can it Steelpush or Ironpull.",True
11524,-1,-1,-1,-1,-1,-1,-1,-1,-1,-1,-1,-1,-1,-1,-1,-1,17,"“That sounds like a pretty big advantage.”
“True,” Kelsier said, reaching inside of his cloak and pulling out a vial containing several beads of atium.",True
11579,-1,-1,-1,-1,-1,-1,-1,-1,-1,-1,11,-1,-1,-1,-1,-1,-1,Burning gold is a somewhat….,True
11598,-1,-1,-1,-1,-1,-1,-1,-1,-1,-1,11,-1,-1,-1,-1,-1,-1,"She looked up at Kelsier, took a breath, and burned gold.",True
12526,-1,-1,-1,4,-1,-1,-1,-1,-1,-1,-1,-1,-1,-1,-1,-1,-1,She tentatively burned pewter.,True
12978,-1,2,-1,-1,-1,-1,-1,8,-1,-1,-1,-1,-1,-1,-1,-1,-1,Her coin pouch contained only bronze clips for Steelpushing.,True
12983,-1,-1,-1,-1,5,6,-1,-1,-1,-1,-1,-1,-1,-1,-1,-1,-1,"Vin burned zinc and brass, hitting Kliss with a powerful blast of emotional Allomancy.",True
13040,1,2,-1,-1,-1,-1,-1,-1,-1,-1,-1,-1,-1,-1,-1,-1,-1,"With a flare of steel, she threw herself into the air, Pushing against a massive iron door behind her.",True
13041,1,-1,-1,-1,-1,-1,-1,-1,-1,-1,-1,-1,-1,-1,-1,-1,-1,"She flew forward for a moment, then Pushed powerfully against the rose window’s iron bindings.",True
13061,-1,-1,3,-1,-1,-1,-1,-1,-1,-1,-1,-1,-1,-1,-1,-1,-1,"Tin flared, illuminating the night.",True
13063,-1,-1,-1,-1,-1,-1,-1,8,-1,-1,-1,-1,-1,-1,-1,-1,-1,"She burned bronze, using it as Marsh had taught her, searching for signs of Allomancy.",True
13074,-1,-1,-1,4,-1,-1,-1,-1,-1,-1,-1,-1,-1,-1,-1,-1,-1,"As she ran, she flared pewter and grabbed her dress near the neck, then ripped the garment down the front with a single yank.",True
13085,-1,-1,-1,-1,-1,-1,-1,8,-1,-1,-1,-1,-1,-1,-1,-1,-1,"Vin cried out, Pushing herself off the bronze roof in an arcing jump.",True
13102,-1,-1,-1,-1,-1,-1,-1,8,-1,-1,-1,-1,-1,-1,-1,-1,-1,"Vin slid across the rooftop, then Pulled herself to a brief halt, spinning with one hand resting against the cold bronze.",True
13116,-1,2,-1,-1,-1,-1,-1,8,-1,-1,-1,-1,-1,-1,-1,-1,-1,"He, of course, Pushed back—but Vin anchored herself against the bronze roof and flared Steel, Pushing with a firm effort.",True
13117,-1,2,-1,-1,-1,-1,-1,-1,-1,-1,-1,-1,-1,-1,-1,-1,-1,"The man’s own Steelpush—transmitted from the coin, to Vin, to the roof—launched him out into the air.",True
13127,-1,-1,-1,4,-1,-1,-1,-1,-1,-1,-1,-1,-1,-1,-1,-1,-1,"With another flare of pewter, Vin slammed her shoulder into the man’s chest, shoving him to the side.",True
13149,1,-1,-1,-1,-1,-1,-1,-1,-1,-1,-1,-1,-1,-1,-1,-1,-1,"She burned iron, searching frantically for an anchor in the night.",True
13187,-1,2,-1,-1,-1,-1,-1,-1,-1,-1,-1,-1,-1,-1,-1,-1,-1,"She burned steel, Pushing it out into the air in front of her.",True
13188,1,-1,-1,-1,-1,-1,-1,-1,-1,-1,-1,-1,-1,-1,-1,-1,17,"Then, she immediately burned iron and yanked on the bead of atium.",True
13199,-1,-1,-1,-1,-1,-1,-1,-1,-1,-1,-1,-1,-1,-1,-1,-1,17,She burned atium.,True
13207,-1,-1,-1,-1,-1,-1,-1,-1,-1,-1,-1,-1,-1,-1,-1,-1,17,"She has plenty of atium, Vin thought, feeling her own storage burn away.",True
13214,-1,-1,-1,-1,-1,-1,-1,-1,-1,-1,-1,-1,-1,-1,-1,-1,17,She’s just waiting for my atium to burn out.,True
13220,-1,-1,-1,4,-1,-1,-1,-1,-1,-1,-1,-1,-1,-1,-1,-1,17,"Her own blood flew in the air as she spun—each droplet tossing out a translucent atium image—and flared pewter, punching Shan square in the stomach.",True
13228,-1,-1,-1,-1,-1,-1,-1,-1,-1,-1,-1,-1,-1,-1,-1,-1,17,"At that moment, Vin burned her last bit of atium.",True
13300,-1,-1,-1,4,-1,-1,-1,-1,-1,-1,-1,-1,-1,-1,-1,-1,-1,She bore it without much visible discomfort—though she obviously had her pewter flared.,True
13478,-1,-1,-1,-1,-1,-1,7,-1,-1,-1,-1,-1,-1,-1,-1,-1,-1,"“Kelsier,” she said slowly, “I think that Inquisitors can sense our Allomancy even when we’re burning copper.”
“Impossible.”
“I did it tonight.",True
13482,-1,-1,-1,-1,-1,-1,7,-1,-1,-1,-1,-1,-1,-1,-1,-1,-1,"“I can feel the Lord Ruler’s touch on my emotions, even when I’m burning copper.",True
13492,-1,-1,3,-1,-1,-1,-1,-1,-1,-1,-1,-1,-1,-1,-1,-1,-1,"She was the Allomancer, burning tin, that led them to you.”
Kelsier’s face took on a troubled expression.",True
13495,-1,-1,-1,-1,-1,-1,-1,8,-1,-1,-1,-1,-1,-1,-1,-1,-1,"Tell me what metal I’m burning.”
Vin closed her eyes, flaring bronze, listening…feeling, as Marsh had taught her.",True
13509,-1,-1,-1,4,-1,-1,-1,-1,-1,-1,-1,-1,-1,-1,-1,-1,-1,"You’re burning pewter.”
Kelsier blinked in surprise.",True
13840,-1,-1,3,-1,-1,-1,-1,-1,-1,-1,-1,-1,-1,-1,-1,-1,-1,“Tin burning…Notting about the seeing.,True
13845,-1,-1,3,-1,-1,-1,-1,-1,-1,-1,-1,-1,-1,-1,-1,-1,-1,"Iffing the power of wants, ignoring the distractions of both.”
If you want to be good at burning tin, she thought, translating as best she could, learn to deal with distraction.",True
13979,-1,-1,3,4,-1,-1,-1,-1,-1,-1,-1,-1,-1,-1,-1,-1,-1,"She flared pewter and tin immediately, falling to a crouch, listening for attackers.",True
14039,1,-1,-1,-1,-1,-1,-1,-1,-1,-1,-1,-1,-1,-1,-1,-1,-1,"“Tell Renoux to pull out,” Kelsier said softly, his voice like iron.",True
14141,-1,-1,3,-1,-1,-1,-1,-1,-1,-1,-1,-1,-1,-1,-1,-1,-1,Then he burned tin.,True
14151,1,-1,-1,-1,-1,-1,-1,-1,-1,-1,-1,-1,-1,-1,-1,-1,17,"He burned iron, and immediately he saw several blue lines pointing downward, toward atium-holes.",True
14255,-1,-1,-1,-1,-1,-1,-1,-1,-1,-1,-1,-1,-1,-1,-1,-1,17,“The crystals are why the Lord Ruler can’t just send down Allomancers to Pull out the atium geodes.,True
14328,-1,-1,3,-1,-1,-1,-1,-1,-1,-1,-1,-1,-1,-1,-1,-1,-1,"“Vin, you hear that?”
She closed her eyes, then flared her tin.",True
14411,-1,2,-1,-1,-1,-1,-1,-1,-1,-1,-1,-1,-1,-1,-1,-1,-1,"He flared steel with a yell, standing and Pushing outward.",True
14446,-1,-1,-1,4,-1,-1,-1,-1,-1,-1,-1,-1,-1,-1,-1,-1,-1,"“I won the draw.”
Kelsier flared pewter, dashing to the side as the Inquisitor pulled out a pair of obsidian axes.",True
14458,1,-1,-1,-1,-1,-1,-1,-1,-1,-1,-1,-1,-1,-1,-1,-1,-1,"As he landed, he reached out—Pulling against one of the carts to anchor himself—and Pulled against the fallen iron door he had thrown before.",True
14532,-1,2,-1,-1,-1,-1,-1,-1,-1,-1,-1,-1,-1,-1,-1,-1,-1,"Fists clinched, he flared his steel in a massive Push.",True
14546,-1,-1,-1,-1,-1,-1,-1,-1,-1,-1,-1,-1,-1,-1,-1,-1,17,"He burned atium, as did the Inquisitor—and they both probably had enough to last for an extended fight.",True
14554,1,-1,-1,-1,-1,-1,-1,-1,-1,-1,-1,-1,-1,-1,-1,-1,-1,"The soldier was pulled off his feet by the force of the Ironpull, and he began to streak toward Kelsier.",True
14556,1,-1,-1,-1,-1,-1,-1,-1,-1,-1,-1,-1,-1,-1,-1,-1,-1,"Kelsier flared iron, Pulling against a patch of soldiers to his right while still Pulling against the single soldier.",True
14570,-1,2,-1,-1,-1,-1,-1,-1,-1,-1,-1,-1,-1,-1,-1,-1,-1,"The cage crashed toward him, and he jumped, using a Steelpush to guide his body through the open doorway of the spinning cage.",True
14576,-1,-1,-1,4,-1,-1,-1,-1,-1,-1,-1,-1,-1,-1,-1,-1,-1,"Kelsier Pushed out with a yell, flaring pewter to keep from crushing himself.",True
14580,-1,2,-1,-1,-1,-1,-1,-1,-1,-1,-1,-1,-1,-1,-1,-1,-1,"Kelsier, however, followed the bars with his own body—shooting himself toward the Inquisitor with a Steelpush.",True
14593,-1,-1,-1,4,-1,-1,-1,-1,-1,-1,-1,-1,-1,-1,-1,-1,-1,"Kelsier flared pewter, then crashed into the soldier he had Pulled up toward him.",True
14611,1,2,-1,-1,-1,-1,-1,-1,-1,-1,-1,-1,-1,-1,-1,-1,-1,"Kelsier grabbed the bars, flaring both steel and iron, Pushing against one tip of each bar and Pulling against the opposite tip.",True
14629,1,2,-1,4,-1,-1,-1,-1,-1,-1,-1,-1,-1,-1,-1,-1,-1,"There was a reason Pewterarms were also called Thugs: there was no subtlety to their fighting, no clever Ironpulls or Steelpushes.",True
14653,-1,2,-1,-1,-1,-1,-1,-1,-1,-1,-1,-1,-1,-1,-1,-1,-1,"Kelsier flared steel within, stoking it, raging it until his chest burned like the Ashmounts themselves.",True
14707,-1,-1,3,-1,-1,-1,-1,-1,-1,-1,-1,-1,-1,-1,-1,-1,-1,"“Renoux is down!” Vin said, squinting and burning tin.",True
14719,-1,-1,-1,4,-1,-1,-1,-1,-1,-1,-1,-1,-1,-1,-1,-1,-1,"“He’s still fighting the Inquisitor.”
Kelsier flared his pewter, punching the Inquisitor, careful to avoid the flat disks of metal sticking out the front of its eyes.",True
14731,-1,2,-1,-1,-1,-1,-1,-1,-1,-1,-1,-1,-1,-1,-1,-1,-1,"Kelsier reached out, grabbing smaller metal sources and Pulling them away from their owners—metal caps, fine steel swords, coin pouches, daggers.",True
14732,1,2,-1,-1,-1,-1,-1,-1,-1,-1,-1,-1,-1,-1,-1,-1,17,He threw them at the Inquisitor—carefully manipulating Steelpushes and Ironpulls—and kept his atium burning so that each item he controlled would have a fanning multitude of atium-images in the Inquisitor’s eyes.,True
14802,-1,-1,-1,-1,-1,-1,7,-1,-1,-1,-1,-1,-1,-1,-1,-1,-1,"She flared her copper, but—as always—she could still slightly feel the Lord Ruler’s oppressive hand.",True
14818,-1,-1,3,-1,-1,-1,-1,-1,-1,-1,-1,-1,-1,-1,-1,-1,-1,"The Lord Ruler stepped from his carriage, and Vin leaned forward, burning tin.",True
14959,-1,2,3,-1,-1,-1,-1,-1,-1,-1,-1,-1,-1,-1,-1,-1,-1,"“Mistress, is that you up there?”
Vin sighed, burning tin, then extinguishing steel and letting herself drop.",True
15103,-1,-1,-1,4,-1,-1,-1,-1,-1,-1,-1,-1,-1,-1,-1,-1,-1,"Vin walked up to it, then flared pewter and smashed off the lock.",True
15253,-1,-1,-1,-1,-1,-1,-1,-1,-1,-1,-1,-1,-1,-1,-1,-1,17,"She turned, pulling out a vial of metal and drinking its contents, using the liquid to wash down a couple beads of atium.",True
15315,-1,-1,-1,-1,-1,-1,-1,-1,-1,-1,-1,-1,-1,-1,-1,-1,17,"Vin burned atium, then whipped her hands from beneath her cloak, tossing a double handful of arrowheads into the air.",True
15316,-1,2,-1,-1,-1,-1,-1,-1,-1,-1,-1,-1,-1,-1,-1,-1,-1,"She flared steel, Pushing powerfully against the rings of metal wrapped loosely around the arrowheads’ broken hafts.",True
15510,-1,-1,3,4,-1,-1,-1,-1,-1,-1,-1,-1,-1,-1,-1,-1,-1,"She opened dizzy eyes—blinking away the water that had been thrown on her—and immediately burned pewter and tin, bringing herself completely awake.",True
15537,-1,-1,-1,-1,-1,-1,7,-1,-1,-1,-1,-1,-1,-1,-1,-1,-1,"Still, she didn’t have copper to burn—she had no way to hide from the Lord Ruler’s powerful, almost omnipotent, hand.",True
15553,1,-1,-1,-1,-1,-1,-1,-1,-1,-1,-1,-1,-1,-1,-1,-1,-1,"Instinctively, she tried to burn iron, expecting the blue lines to appear—but, of course, she had no iron to burn.",True
15556,-1,-1,3,-1,-1,-1,-1,-1,-1,-1,-1,-1,-1,-1,-1,-1,-1,She couldn’t burn tin to listen for voices.,True
15557,-1,-1,-1,4,-1,-1,-1,-1,-1,-1,-1,-1,-1,-1,-1,-1,-1,She couldn’t burn pewter to strengthen her against the pain of her hurting arm and head.,True
15558,-1,-1,-1,-1,-1,-1,-1,8,-1,-1,-1,-1,-1,-1,-1,-1,-1,She couldn’t burn bronze to search for nearby Allomancers.,True
15584,-1,-1,-1,-1,-1,-1,-1,-1,-1,-1,11,-1,-1,-1,-1,-1,-1,The moment when I burned the Eleventh Metal felt like that time when Kelsier had me burn gold.,True
15588,1,2,-1,-1,-1,-1,-1,-1,-1,-1,-1,-1,-1,-1,-1,-1,-1,"Iron Pulled, steel Pushed.",True
15589,-1,-1,-1,-1,5,6,-1,-1,-1,-1,-1,-1,-1,-1,-1,-1,-1,"Zinc Pulled, brass Pushed.",True
16061,-1,2,-1,-1,-1,-1,-1,-1,-1,-1,-1,-1,-1,-1,-1,-1,-1,"She landed amid the soldiers, blasting outward with a Steelpush.",True
16137,-1,-1,-1,-1,-1,-1,7,-1,-1,-1,-1,-1,-1,-1,-1,-1,-1,"She burned copper, pushing aside the Lord Ruler’s Soothing.",True
16245,-1,-1,-1,4,-1,-1,-1,-1,-1,-1,-1,-1,-1,-1,-1,-1,-1,"Vin cried out in pain, flaring her pewter, pushing back, but Kar forced her to her feet.",True
16248,-1,2,-1,-1,-1,-1,-1,-1,-1,-1,-1,-1,-1,-1,-1,-1,-1,"She tried throwing them both back with a sudden Steelpush against a doorlatch, but the anchor was too weak, and Kar barely stumbled.",True
16305,-1,2,-1,-1,-1,-1,-1,-1,-1,-1,-1,-1,-1,-1,-1,-1,-1,"A small group of steel spikes, just like the one Marsh had pulled from Kar’s back, lay piled on the floor.",True
16310,-1,-1,-1,-1,-1,-1,7,-1,-1,-1,-1,-1,-1,-1,-1,-1,-1,"The depression, the anger-fueled asphyxiation of her soul, pushed through her copper, hitting her like a physical force.",True
16311,-1,-1,-1,-1,-1,-1,7,-1,-1,-1,-1,-1,-1,-1,-1,-1,-1,"She flared copper, gasping slightly, but wasn’t completely able to push the Lord Ruler off of her emotions.",True
16329,-1,2,-1,-1,-1,-1,-1,-1,-1,-1,-1,-1,-1,-1,-1,-1,-1,"It felt like a Steelpush, slamming against the metals inside her stomach—but of course it couldn’t have been that.",True
16331,-1,-1,-1,-1,-1,-1,7,-1,-1,-1,-1,-1,-1,-1,-1,-1,-1,But he had also said that no Allomancer could affect the emotions of a person who was burning copper.,True
16348,-1,-1,-1,4,-1,-1,-1,-1,-1,-1,-1,-1,-1,-1,-1,-1,-1,"Am I some common Inquisitor, my powers endowed fabrications?”
Vin flared pewter.",True
16351,-1,-1,-1,4,-1,-1,-1,-1,-1,-1,-1,-1,-1,-1,-1,-1,-1,"Even within a full pewter flare, Vin couldn’t outrun him.",True
16387,-1,-1,-1,4,-1,-1,-1,-1,-1,-1,-1,-1,-1,-1,-1,-1,-1,"She flared pewter, but tears came to her eyes anyway.",True
16456,1,-1,-1,-1,-1,-1,-1,-1,-1,-1,-1,-1,-1,-1,-1,-1,-1,"Yet, she burned iron.",True
16461,1,-1,-1,-1,-1,-1,-1,-1,-1,-1,-1,-1,-1,-1,-1,-1,-1,She flared the iron.,True
16463,1,-1,-1,-1,-1,-1,-1,-1,-1,-1,-1,-1,-1,-1,-1,-1,-1,"Vin stoked her iron, concentrating, Pushing it as hard as she could.",True
16464,-1,-1,-1,4,-1,-1,-1,-1,-1,-1,-1,-1,-1,-1,-1,-1,-1,"She kept her pewter flared, struggling to keep from being crushed, and she knew somehow that she was no longer breathing.",True
16476,1,-1,-1,-1,-1,-1,-1,-1,-1,-1,-1,-1,-1,-1,-1,-1,-1,"She flared her iron higher and higher, the Lord Ruler’s own Push giving her the leverage she needed to Pull against his bracelets.",True
16487,-1,-1,-1,4,-1,-1,-1,-1,-1,-1,-1,-1,-1,-1,-1,-1,-1,"However, with her last bit of strength—pewter gone—Vin Pushed on the bracelets, shooting them past the Lord Ruler.",True
16507,-1,-1,-1,4,-1,-1,-1,-1,-1,-1,-1,-1,-1,-1,-1,-1,-1,"She reflexively flared pewter, strengthening her body.",True
16508,-1,-1,3,-1,-1,-1,-1,-1,-1,-1,-1,-1,-1,-1,-1,-1,-1,"She flared tin, and the sudden increase of sensitivity shocked her awake.",True
